questions,expected,cypher,output,correctness_score,correctness_reasoning,average_score
Which company produces consumer electronics according to the document?,Apple Inc.,MATCH (c:Entity {type:'ORG'})-[:RELATIONSHIP {type:'Produces'}]->(p:Entity {type:'PRODUCT'}) WHERE p.name CONTAINS 'consumer electronics' RETURN c.name,Apple Inc. (AAPL) is a multinational technology company that specializes in consumer electronics from sourceURL: https://www.nasdaq.com/articles/best-blue-chip-stocks-to-invest-in-right-now-2-in-focus on Date: 2023-12-01 00:00:00+00:00,1,"The provided answer correctly identifies Apple Inc. as the company that produces consumer electronics, matching the reference answer. The additional details (ticker symbol, description, source URL, and date) do not affect the correctness of the core answer.",1.0
What products is Apple Inc. described as producing?,Consumer electronics,MATCH (c:Entity {name:'Apple Inc.'})-[:RELATIONSHIP {type:'Produces'}]->(p:Entity) RETURN p.name,"Apple Inc. (AAPL) is a multinational technology company that specializes in consumer electronics from sourceURL: https://www.nasdaq.com/articles/best-blue-chip-stocks-to-invest-in-right-now-2-in-focus on Date: 2023-12-01 00:00:00+00:00
Apple Inc. (AAPL) is a multinational technology company that specializes in consumer electronics, software from sourceURL: https://www.nasdaq.com/articles/best-blue-chip-stocks-to-invest-in-right-now-2-in-focus on Date: 2023-12-01 00:00:00+00:00
Apple Inc. (AAPL) is a multinational technology company that specializes in consumer electronics, software, and online services. from sourceURL: https://www.nasdaq.com/articles/best-blue-chip-stocks-to-invest-in-right-now-2-in-focus on Date: 2023-12-01 00:00:00+00:00",1,"The provided answer includes the phrase ""consumer electronics"", which matches the reference answer.",1.0
What is the stock ticker associated with Apple Inc.?,AAPL,MATCH (c:Entity {name:'Apple Inc.'}) RETURN c.ticker,Company: Apple Inc. | Ticker: AAPL | SourceURL: https://www.nasdaq.com/articles/best-blue-chip-stocks-to-invest-in-right-now-2-in-focus | Evidence: Apple Inc. (AAPL) is a multinational technology company that specializes in consumer electronics,1,"The provided answer correctly identifies the ticker symbol for Apple Inc. as AAPL, which matches the reference answer. The additional context and source URL do not affect the correctness of the ticker information.",1.0
Which geographic region has Apple Inc. invested in according to the news?,United States,MATCH (c:Entity {name:'Apple Inc.'})-[:RELATIONSHIP {type:'Invests_In'}]->(g:Entity {type:'GPE'}) RETURN g.name,No results found,0,"The reference answer states that Apple Inc. invested in the United States. The provided answer claims no results were found, which contradicts the reference. Therefore the provided answer is incorrect.",0.0
Which financial metric reached an all-time high for Apple?,Services unit revenue,MATCH (c:Entity {name:'Apple Inc.'})-[:RELATIONSHIP {type:'Increases'}]->(m:Entity {type:'FIN_METRIC'}) RETURN m.name,its services unit's revenue set an all-time high from sourceURL: https://www.nasdaq.com/articles/2-tech-dividend-stocks-to-buy-and-hold-forever on Date: 2023-12-01 00:00:00+00:00,1,"The question asks for the financial metric that reached an all‑time high for Apple. The reference answer states that the services unit revenue did so. The provided answer also identifies the services unit’s revenue as having reached an all‑time high, matching the reference. Therefore the provided answer is correct.",1.0
Which regulatory body was involved in a legal case related to Apple?,UK Competition Appeal Tribunal,MATCH (r:Entity {type:'ORG_REG'})<-[:RELATIONSHIP {type:'Involved_In'}]-(l:Entity {type:'LITIGATION'}) WHERE l.name CONTAINS 'Apple' RETURN r.name,No results found,0,"Provided answer does not match reference answer; it states ""No results found"", whereas the correct answer is ""UK Competition Appeal Tribunal"".",0.0
What legal action was Apple involved in?,An appeal case,MATCH (c:Entity {name:'Apple'})-[:RELATIONSHIP {type:'Involved_In'}]->(l:Entity {type:'LITIGATION'}) RETURN l.name,The lawfulness of that decision was challenged by Apple by appealing to the CAT from sourceURL: https://www.nasdaq.com/articles/cma-wins-appeal-from-uk-high-court-in-apple-case on Date: 2023-12-01 00:00:00+00:00,1,"The provided answer states that Apple appealed to the CAT, which is an appeal case, matching the reference answer.",1.0
Which company benefits from Safari-related revenue increases?,Apple Inc.,MATCH (c:Entity)-[:RELATIONSHIP {type:'Increases'}]->(m:Entity {type:'FIN_METRIC'}) WHERE m.name CONTAINS 'Safari' RETURN c.name,No results found,0,"The provided answer ""No results found"" does not match the reference answer ""Apple Inc."" and therefore is incorrect.",0.0
Which company is compared competitively with Apple in the smart home market?,Alphabet,MATCH (c:Entity {name:'Alphabet'})-[:RELATIONSHIP {type:'Related_To'}]->(p:Entity {type:'CONCEPT'}) RETURN c.name,"Alphabet to compete well with some notable industry players like Amazon AMZN and Apple AAPL, which are also making concerted efforts to gain a solid footing in the smart home market space. from sourceURL: https://www.nasdaq.com/articles/alphabet-googl-bolsters-nest-hub-series-with-fuchsia-14 on Date: 2023-12-01 00:00:00+00:00",1,"The question asks for the company that is compared competitively with Apple in the smart home market. The reference answer is ""Alphabet"". The provided answer states that Alphabet competes with Apple in that market, which directly matches the reference. Therefore the provided answer is correct.",1.0
Which companies are subject to European Union regulations?,Apple Inc.,MATCH (c:Entity)-[:RELATIONSHIP {type:'Subject_To'}]->(g:Entity {type:'ORG_GOV'}) WHERE g.name='European Union' RETURN c.name,No results found,0,"The reference answer lists Apple Inc. as a company subject to EU regulations, whereas the provided answer states ""No results found"", which does not match the expected answer. Therefore the provided answer is incorrect.",0.0
Which government body regulates major technology gatekeepers?,European Union,MATCH (g:Entity {type:'ORG_GOV'}) WHERE g.name='European Union' RETURN g.name,No results found,0,"The question asks for the government body that regulates major technology gatekeepers. The correct answer is the European Union, but the provided answer states ""No results found,"" which does not match the reference answer. Therefore the provided answer is incorrect.",0.0
Which companies suspended advertising on X according to the document?,Apple Inc.,MATCH (c:Entity)-[:RELATIONSHIP {type:'Involved_In'}]->(e:Entity {type:'EVENT'}) WHERE e.name CONTAINS 'ads' RETURN c.name,No results found,0,"The reference answer states that Apple Inc. suspended advertising on X. The provided answer claims no results were found, which contradicts the reference. Therefore the provided answer is incorrect.",0.0
Which company is described as a cheaper stock alternative to Apple?,Nvidia,MATCH (c:Entity {name:'Nvidia'}) RETURN c.name,No results found,0,"The provided answer ""No results found"" does not match the reference answer ""Nvidia"", which is the correct company described as a cheaper stock alternative to Apple. Therefore the provided answer is incorrect.",0.0
Which market index reached new highs in 2023?,S&P 500,MATCH (i:Entity {type:'FIN_MARKET'}) WHERE i.name='S&P 500' RETURN i.name,"The market is rallying from sourceURL: https://www.nasdaq.com/articles/should-you-really-invest-in-stocks-now-or-wait-until-the-new-year on Date: 2023-12-01 00:00:00+00:00
all three major indexes climbing from sourceURL: https://www.nasdaq.com/articles/should-you-really-invest-in-stocks-now-or-wait-until-the-new-year on Date: 2023-12-01 00:00:00+00:00
Wall Street's main indexes inched higher on Friday from sourceURL: https://www.nasdaq.com/articles/us-stocks-wall-st-edges-higher-as-powell-comments-bolster-peak-rate-bets on Date: 2023-12-01 00:00:00+00:00
U.S. stocks advanced on Friday from sourceURL: https://www.nasdaq.com/articles/us-stocks-wall-st-rallies-as-powell-cements-peak-rate-bets on Date: 2023-12-01 00:00:00+00:00
the Dow closed at its highest level since January 2022. from sourceURL: https://www.nasdaq.com/articles/us-stocks-sp-500-hits-2023-closing-high-as-powell-strengthens-peak-rate-bets on Date: 2023-12-01 00:00:00+00:00
the S&P registered its highest close of the year on Friday from sourceURL: https://www.nasdaq.com/articles/us-stocks-sp-500-hits-2023-closing-high-as-powell-strengthens-peak-rate-bets on Date: 2023-12-01 00:00:00+00:00
All three major U.S. stock indexes were higher from sourceURL: https://www.nasdaq.com/articles/us-stocks-wall-st-rallies-as-powell-cements-peak-rate-bets on Date: 2023-12-01 00:00:00+00:00
the Dow Jones .DJI rallied to close at its highest level since January 2022. from sourceURL: https://www.nasdaq.com/articles/us-stocks-sp-nasdaq-slip-as-caution-prevails-ahead-of-powell-comments on Date: 2023-12-01 00:00:00+00:00
The S&P 500 gained nearly 9% gain in November from sourceURL: https://www.nasdaq.com/articles/wall-st-week-ahead-tax-loss-selling-santa-rally-could-sway-u.s.-stocks-after-november-melt on Date: 2023-12-01 00:00:00+00:00
with the index rising 77% of the time from sourceURL: https://www.nasdaq.com/articles/wall-st-week-ahead-tax-loss-selling-santa-rally-could-sway-u.s.-stocks-after-november-melt on Date: 2023-12-01 00:00:00+00:00
Indexes up: Dow 0.82% from sourceURL: https://www.nasdaq.com/articles/us-stocks-sp-500-hits-2023-closing-high-as-powell-strengthens-peak-rate-bets on Date: 2023-12-01 00:00:00+00:00
S&P 0.59% from sourceURL: https://www.nasdaq.com/articles/us-stocks-sp-500-hits-2023-closing-high-as-powell-strengthens-peak-rate-bets on Date: 2023-12-01 00:00:00+00:00
Nasdaq 0.55% from sourceURL: https://www.nasdaq.com/articles/us-stocks-sp-500-hits-2023-closing-high-as-powell-strengthens-peak-rate-bets on Date: 2023-12-01 00:00:00+00:00
the S&P 500 and the Nasdaq registered their biggest one-month percentage gains since July 2022 from sourceURL: https://www.nasdaq.com/articles/us-stocks-sp-500-hits-2023-closing-high-as-powell-strengthens-peak-rate-bets on Date: 2023-12-01 00:00:00+00:00
the S&P 500 and the Nasdaq registered their biggest one-month percentage gains since July 2022 from sourceURL: https://www.nasdaq.com/articles/us-stocks-sp-500-hits-2023-closing-high-as-powell-strengthens-peak-rate-bets on Date: 2023-12-01 00:00:00+00:00
both the indexes finished November with their biggest monthly gain since July 2022 from sourceURL: https://www.nasdaq.com/articles/us-stocks-sp-nasdaq-slip-as-caution-prevails-ahead-of-powell-comments on Date: 2023-12-01 00:00:00+00:00
both the indexes finished November with their biggest monthly gain since July 2022 from sourceURL: https://www.nasdaq.com/articles/us-stocks-sp-nasdaq-slip-as-caution-prevails-ahead-of-powell-comments on Date: 2023-12-01 00:00:00+00:00",1,"The provided answer includes the S&P 500 and states it reached new highs in 2023, matching the reference answer.",1.0
Which market index includes Apple as a major component?,Nasdaq,MATCH (i:Entity {type:'FIN_MARKET'}) RETURN i.name,Apple Inc. (NASDAQ: AAPL) from sourceURL: https://www.nasdaq.com/articles/best-blue-chip-stocks-to-invest-in-right-now-2-in-focus on Date: 2023-12-01 00:00:00+00:00,1,"The provided answer identifies Apple Inc. as listed on NASDAQ (NASDAQ: AAPL), indicating that Apple is a major component of the Nasdaq market index, which matches the reference answer ""Nasdaq"".",1.0
What major market event occurred in late 2023?,Equity market rally,MATCH (e:Entity {type:'EVENT'}) WHERE e.name CONTAINS 'rally' RETURN e.name,"a gain of about as much in the previous year. from sourceURL: https://www.nasdaq.com/articles/should-you-really-invest-in-stocks-now-or-wait-until-the-new-year on Date: 2023-12-01 00:00:00+00:00
December brought the S&P 500 index a loss of about 5% last year from sourceURL: https://www.nasdaq.com/articles/should-you-really-invest-in-stocks-now-or-wait-until-the-new-year on Date: 2023-12-01 00:00:00+00:00
and suspended CMA's investigation. from sourceURL: https://www.nasdaq.com/articles/cma-wins-appeal-from-uk-high-court-in-apple-case on Date: 2023-12-01 00:00:00+00:00
mainly of tech major Apple Inc. (AAPL). from sourceURL: https://www.nasdaq.com/articles/cma-wins-appeal-from-uk-high-court-in-apple-case on Date: 2023-12-01 00:00:00+00:00
November, historically a strong month for the index. from sourceURL: https://www.nasdaq.com/articles/wall-st-week-ahead-tax-loss-selling-santa-rally-could-sway-u.s.-stocks-after-november-melt on Date: 2023-12-01 00:00:00+00:00
Tax-loss selling, 'Santa rally' could sway U.S. stocks from sourceURL: https://www.nasdaq.com/articles/wall-st-week-ahead-tax-loss-selling-santa-rally-could-sway-u.s.-stocks-after-november-melt on Date: 2023-12-01 00:00:00+00:00
Tax-loss selling, 'Santa rally' could sway U.S. stocks from sourceURL: https://www.nasdaq.com/articles/wall-st-week-ahead-tax-loss-selling-santa-rally-could-sway-u.s.-stocks-after-november-melt on Date: 2023-12-01 00:00:00+00:00
many investors came away from the Fed’s Nov. 1 meeting more confident that the central bank was close to wrapping up its rate increases. from sourceURL: https://www.nasdaq.com/articles/graphic-resurgent-sp-500-crests-new-2023-closing-high-after-roller-coaster-year on Date: 2023-12-01 00:00:00+00:00",0,"The provided answer does not mention an equity market rally; instead it lists various market movements, losses, and regulatory actions. Therefore it does not correctly answer the question.",0.0
Which companies are related to content or streaming services?,Apple Inc.,MATCH (c:Entity)-[:RELATIONSHIP {type:'Related_To'}]->(p:Entity {type:'CONCEPT'}) WHERE p.name CONTAINS 'streaming' RETURN c.name,No results found,0,"The reference answer lists Apple Inc. as a company related to content or streaming services, whereas the provided answer states ""No results found,"" which does not match the expected answer. Therefore the provided answer is incorrect.",0.0
Which company is Apple discussing a streaming bundle partnership with?,Paramount Global,MATCH (c:Entity {name:'Apple Inc.'})-[:RELATIONSHIP {type:'Partners_With'}]->(m:Entity {type:'COMP'}) RETURN m.name,No results found,0,"The reference answer states that Apple is discussing a streaming bundle partnership with Paramount Global. The provided answer says ""No results found,"" which does not match the correct answer. Therefore the provided answer is incorrect.",0.0
What relationship exists between Apple Inc. and Paramount Global?,Partners_With,MATCH (c:Entity {name:'Apple Inc.'})-[r:RELATIONSHIP]->(m:Entity {name:'Paramount Global'}) RETURN r.type,"Apple Inc. (AAPL) and Paramount Global are in talks to bundle Paramount+ and Apple TV+ together from sourceURL: https://www.nasdaq.com/articles/wsj%3A-apple-in-talks-to-bundle-paramount-with-apple-tv on Date: 2023-12-01 00:00:00+00:00
Apple Inc. (AAPL) and Paramount Global are in talks to bundle Paramount+ and Apple TV+ together from sourceURL: https://www.nasdaq.com/articles/wsj%3A-apple-in-talks-to-bundle-paramount-with-apple-tv on Date: 2023-12-01 00:00:00+00:00",0,"The reference answer indicates a partnership relationship (""Partners_With""). The provided answer only states that Apple and Paramount are in talks to bundle services, which does not confirm an existing partnership. Therefore the provided answer does not match the expected relationship.",0.0
Which sector do Apple and Alphabet operate in?,Technology,"MATCH (c:Entity)-[:RELATIONSHIP {type:'Operates_In'}]->(s:Entity {type:'SECTOR'}) WHERE c.name IN ['Apple Inc.','Alphabet'] RETURN DISTINCT s.name",No results found,0,"The provided answer does not match the reference answer; it states no results found, whereas the correct sector is Technology.",0.0
Which companies are members of the Magnificent Seven?,Apple Inc.,MATCH (c:Entity)-[:RELATIONSHIP {type:'Member_Of'}]->(g:Entity {name:'Magnificent Seven'}) RETURN c.name,No results found,0,"The reference answer lists Apple Inc. as a member of the Magnificent Seven, whereas the provided answer says ""No results found,"" which does not match the expected content. Therefore the provided answer is incorrect.",0.0
Which financial metrics are associated with Alphabet?,Share price,MATCH (c:Entity {name:'Alphabet'})-[:RELATIONSHIP]->(m:Entity {type:'FIN_METRIC'}) RETURN m.name,No results found,0,"The reference answer states that the financial metric associated with Alphabet is its share price. The provided answer says ""No results found,"" which does not match the expected answer. Therefore the provided answer is incorrect.",0.0
Which macroeconomic condition influenced markets in late 2023?,Easing inflation,MATCH (m:Entity {type:'MACRO_CONDITION'}) RETURN m.name,"signalled easing inflation and bolstered hopes the central bank would now end its interest rate hikes and could start lowering them soon, propelling a rally in equities. from sourceURL: https://www.nasdaq.com/articles/us-stocks-wall-st-edges-higher-as-powell-comments-bolster-peak-rate-bets on Date: 2023-12-01 00:00:00+00:00",1,"The provided answer explicitly mentions ""easing inflation"", which matches the reference answer.",1.0
Which financial institution provided market commentary?,BofA Global Research,MATCH (c:Entity {name:'BofA Global Research'}) RETURN c.name,No results found,0,"The reference answer states that the financial institution is ""BofA Global Research"", whereas the provided answer says ""No results found"", which does not match the expected answer. Therefore the provided answer is incorrect.",0.0
What major investment announcement did Apple make?,Investment in Amkor packaging plant,MATCH (c:Entity {name:'Apple Inc.'})-[:RELATIONSHIP {type:'Announces'}]->(e:Entity {type:'EVENT'}) RETURN e.name,"Apple Inc. announced it will be the first and largest customer of Amkor Technology, Inc.'s new $2 billion advanced silicon manufacturing and packaging facility from sourceURL: https://www.nasdaq.com/articles/apple-to-be-first-and-largest-customer-of-amkors-%242-bln-chip-packaging-plant on Date: 2023-12-01 00:00:00+00:00",1,"The provided answer correctly states that Apple announced it would be the first and largest customer of Amkor Technology’s new $2 billion advanced silicon manufacturing and packaging facility, which matches the reference answer that Apple made an investment in the Amkor packaging plant.",1.0
Which companies are subject to the Digital Markets Act?,Apple Inc.,MATCH (c:Entity)-[:RELATIONSHIP {type:'Complies_With'}]->(r:Entity {type:'REGULATORY_REQUIREMENT'}) RETURN c.name,No results found,0,"The reference answer states that Apple Inc. is subject to the Digital Markets Act. The provided answer claims “No results found,” which contradicts the reference. Therefore the provided answer is incorrect.",0.0
What type of entity is the European Union in the graph?,Government body,MATCH (g:Entity {name:'European Union'}) RETURN g.type,No results found,0,"The reference answer states that the European Union is a 'Government body', whereas the provided answer claims 'No results found', which does not match the expected answer. Therefore the provided answer is incorrect.",0.0
Which entity represents Apple in the knowledge graph?,Apple Inc.,MATCH (c:Entity {name:'Apple Inc.'}) RETURN c.name,"EntityName: appeal by Apple | EntityType: LITIGATION
EntityName: Apple silicon | EntityType: PRODUCT
EntityName: Apple Inc. | EntityType: ORG
EntityName: Apple | EntityType: ORG
EntityName: Apple's services unit | EntityType: SEGMENT",0,"The reference answer is ""Apple Inc."". The provided answer lists several entities, including ""Apple Inc."" but also other unrelated entities. Since the answer is not a precise match to the reference answer, it is considered incorrect.",0.0
What type of event is the equity market rally?,EVENT,MATCH (e:Entity {name:'Equity market rally'}) RETURN e.type,No results found,0,The reference answer indicates that the equity market rally is an 'EVENT'. The provided answer 'No results found' does not match this classification and therefore is incorrect.,0.0
"Which sector do Apple, Alphabet, and Nvidia all operate in?",Technology,"MATCH (c:Entity)-[:RELATIONSHIP {type:'Operates_In'}]->(s:Entity {type:'SECTOR'}) WHERE c.name IN ['Apple Inc.','Alphabet','Nvidia'] RETURN DISTINCT s.name",No results found,0,"The reference answer states that Apple, Alphabet, and Nvidia all operate in the Technology sector. The provided answer says ""No results found,"" which does not match the correct sector. Therefore the provided answer is incorrect.",0.0
