questions,expected,output,correctness_score,correctness_reasoning,average_score
Which company produces consumer electronics according to the document?,Apple Inc.,Apple Inc. (AAPL) is a multinational technology company that specializes in consumer electronics from sourceURL: https://www.nasdaq.com/articles/best-blue-chip-stocks-to-invest-in-right-now-2-in-focus on Date: 2023-12-01 00:00:00+00:00,1,"The provided answer correctly identifies Apple Inc. as the company that produces consumer electronics, matching the reference answer. The additional details (ticker, source URL, date) do not affect the correctness of the core answer.",1.0
What products is Apple Inc. described as producing?,Consumer electronics,Apple Inc. (AAPL) is a multinational technology company that specializes in consumer electronics from sourceURL: https://www.nasdaq.com/articles/best-blue-chip-stocks-to-invest-in-right-now-2-in-focus on Date: 2023-12-01 00:00:00+00:00,1,"The provided answer states that Apple Inc. specializes in consumer electronics, which matches the reference answer that Apple is described as producing consumer electronics. Therefore the answer is correct.",1.0
What products is Apple Inc. described as producing?,Consumer electronics,"Apple Inc. (AAPL) is a multinational technology company that specializes in consumer electronics, software from sourceURL: https://www.nasdaq.com/articles/best-blue-chip-stocks-to-invest-in-right-now-2-in-focus on Date: 2023-12-01 00:00:00+00:00",1,"The reference answer states that Apple Inc. is described as producing consumer electronics. The provided answer includes the phrase ""consumer electronics"" as part of its description, matching the reference. Therefore the provided answer is correct.",1.0
What products is Apple Inc. described as producing?,Consumer electronics,"Apple Inc. (AAPL) is a multinational technology company that specializes in consumer electronics, software, and online services. from sourceURL: https://www.nasdaq.com/articles/best-blue-chip-stocks-to-invest-in-right-now-2-in-focus on Date: 2023-12-01 00:00:00+00:00",1,"The reference answer states that Apple Inc. is described as producing consumer electronics. The provided answer explicitly mentions that Apple specializes in consumer electronics, along with software and online services. Since the key element—consumer electronics—is present in the provided answer, it matches the reference answer. Therefore, the provided answer is correct.",1.0
What is the stock ticker associated with Apple Inc.?,AAPL,Company: Apple Inc. | Ticker: AAPL | SourceURL: https://www.nasdaq.com/articles/best-blue-chip-stocks-to-invest-in-right-now-2-in-focus | Evidence: Apple Inc. (AAPL) is a multinational technology company that specializes in consumer electronics,1,"The provided answer correctly identifies the ticker symbol for Apple Inc. as ""AAPL"", which matches the reference answer. Therefore the answer is correct.",1.0
Which geographic region has Apple Inc. invested in according to the news?,United States,No results found,0,"The reference answer states that Apple Inc. has invested in the United States. The provided answer claims no results were found, which contradicts the reference. Therefore the provided answer is incorrect.",0.0
Which financial metric reached an all-time high for Apple?,Services unit revenue,its services unit's revenue set an all-time high from sourceURL: https://www.nasdaq.com/articles/2-tech-dividend-stocks-to-buy-and-hold-forever on Date: 2023-12-01 00:00:00+00:00,1,"The provided answer correctly states that Apple's services unit revenue reached an all-time high, which matches the reference answer.",1.0
Which regulatory body was involved in a legal case related to Apple?,UK Competition Appeal Tribunal,No results found,0,"Provided answer does not match reference answer; it states no results found, whereas the correct answer is UK Competition Appeal Tribunal.",0.0
What legal action was Apple involved in?,An appeal case,The lawfulness of that decision was challenged by Apple by appealing to the CAT from sourceURL: https://www.nasdaq.com/articles/cma-wins-appeal-from-uk-high-court-in-apple-case on Date: 2023-12-01 00:00:00+00:00,1,"The provided answer states that Apple appealed to the CAT, which is an appeal case, matching the reference answer that simply says ""An appeal case"".",1.0
Which company benefits from Safari-related revenue increases?,Apple Inc.,No results found,0,"The reference answer states that Apple Inc. benefits from Safari-related revenue increases. The provided answer says ""No results found,"" which does not match the reference answer. Therefore the provided answer is incorrect.",0.0
Which company is compared competitively with Apple in the smart home market?,Alphabet,"Alphabet to compete well with some notable industry players like Amazon AMZN and Apple AAPL, which are also making concerted efforts to gain a solid footing in the smart home market space. from sourceURL: https://www.nasdaq.com/articles/alphabet-googl-bolsters-nest-hub-series-with-fuchsia-14 on Date: 2023-12-01 00:00:00+00:00",1,"The provided answer correctly identifies Alphabet as the company compared competitively with Apple in the smart home market, matching the reference answer.",1.0
Which companies are subject to European Union regulations?,Apple Inc.,No results found,0,"The provided answer ""No results found"" does not match the reference answer ""Apple Inc."" and therefore is incorrect.",0.0
Which government body regulates major technology gatekeepers?,European Union,No results found,0,"The question asks for the name of the government body that regulates major technology gatekeepers. The reference answer is ""European Union"", while the provided answer states ""No results found"", which does not match the expected answer. Therefore the provided answer is incorrect.",0.0
Which companies suspended advertising on X according to the document?,Apple Inc.,No results found,0,"The reference answer states that Apple Inc. suspended advertising on X. The provided answer claims no results were found, which contradicts the reference. Therefore the provided answer is incorrect.",0.0
Which company is described as a cheaper stock alternative to Apple?,Nvidia,No results found,0,"The provided answer ""No results found"" does not match the reference answer ""Nvidia"", which is the correct company described as a cheaper stock alternative to Apple. Therefore the provided answer is incorrect.",0.0
Which market index reached new highs in 2023?,S&P 500,The market is rallying from sourceURL: https://www.nasdaq.com/articles/should-you-really-invest-in-stocks-now-or-wait-until-the-new-year on Date: 2023-12-01 00:00:00+00:00,0,"The reference answer specifies that the S&P 500 reached new highs in 2023. The provided answer merely states that the market is rallying and cites a source URL and date, but it does not mention the S&P 500 or any specific index. Therefore, the provided answer does not correctly answer the question.",0.0
Which market index reached new highs in 2023?,S&P 500,all three major indexes climbing from sourceURL: https://www.nasdaq.com/articles/should-you-really-invest-in-stocks-now-or-wait-until-the-new-year on Date: 2023-12-01 00:00:00+00:00,0,"The reference answer identifies the S&P 500 as the index that reached new highs in 2023. The provided answer claims that all three major indexes climbed, which is broader than the specific answer required. Therefore the provided answer does not correctly match the reference answer.",0.0
Which market index reached new highs in 2023?,S&P 500,Wall Street's main indexes inched higher on Friday from sourceURL: https://www.nasdaq.com/articles/us-stocks-wall-st-edges-higher-as-powell-comments-bolster-peak-rate-bets on Date: 2023-12-01 00:00:00+00:00,0,The reference answer specifies that the S&P 500 reached new highs in 2023. The provided answer only states that “Wall Street’s main indexes inched higher” without naming the S&P 500 or confirming it hit new highs. Therefore the provided answer does not correctly answer the question.,0.0
Which market index reached new highs in 2023?,S&P 500,U.S. stocks advanced on Friday from sourceURL: https://www.nasdaq.com/articles/us-stocks-wall-st-rallies-as-powell-cements-peak-rate-bets on Date: 2023-12-01 00:00:00+00:00,0,"The reference answer specifies that the S&P 500 was the market index that reached new highs in 2023. The provided answer merely states that U.S. stocks advanced on a particular day, without mentioning the S&P 500 or any other specific index. Therefore, the provided answer does not correctly answer the question.",0.0
Which market index reached new highs in 2023?,S&P 500,the Dow closed at its highest level since January 2022. from sourceURL: https://www.nasdaq.com/articles/us-stocks-sp-500-hits-2023-closing-high-as-powell-strengthens-peak-rate-bets on Date: 2023-12-01 00:00:00+00:00,0,"The question asks which market index reached new highs in 2023. The reference answer identifies the S&P 500 as the index that hit new highs. The provided answer states that the Dow closed at its highest level since January 2022, which refers to a different index (the Dow Jones Industrial Average) and does not match the reference answer. Therefore, the provided answer is incorrect.",0.0
Which market index reached new highs in 2023?,S&P 500,the S&P registered its highest close of the year on Friday from sourceURL: https://www.nasdaq.com/articles/us-stocks-sp-500-hits-2023-closing-high-as-powell-strengthens-peak-rate-bets on Date: 2023-12-01 00:00:00+00:00,1,"The provided answer states that ""the S&P"" reached its highest close of the year, which refers to the S&P 500 index. This matches the reference answer that identifies the S&P 500 as the market index that reached new highs in 2023. Therefore the answer is correct.",1.0
Which market index reached new highs in 2023?,S&P 500,All three major U.S. stock indexes were higher from sourceURL: https://www.nasdaq.com/articles/us-stocks-wall-st-rallies-as-powell-cements-peak-rate-bets on Date: 2023-12-01 00:00:00+00:00,0,"The reference answer specifies that the S&P 500 was the index that reached new highs in 2023. The provided answer states that all three major U.S. stock indexes were higher, but it does not confirm that each reached new highs, nor does it single out the S&P 500. Therefore the provided answer does not correctly answer the question as posed.",0.0
Which market index reached new highs in 2023?,S&P 500,the Dow Jones .DJI rallied to close at its highest level since January 2022. from sourceURL: https://www.nasdaq.com/articles/us-stocks-sp-nasdaq-slip-as-caution-prevails-ahead-of-powell-comments on Date: 2023-12-01 00:00:00+00:00,0,"The question asks which market index reached new highs in 2023. The reference answer states that the S&P 500 did so. The provided answer claims the Dow Jones Industrial Average (.DJI) reached its highest level since January 2022, which does not match the reference answer. Therefore the provided answer is incorrect.",0.0
Which market index reached new highs in 2023?,S&P 500,The S&P 500 gained nearly 9% gain in November from sourceURL: https://www.nasdaq.com/articles/wall-st-week-ahead-tax-loss-selling-santa-rally-could-sway-u.s.-stocks-after-november-melt on Date: 2023-12-01 00:00:00+00:00,1,"The provided answer identifies the S&P 500 as the market index that reached new highs in 2023, which matches the reference answer. Therefore the answer is correct.",1.0
Which market index reached new highs in 2023?,S&P 500,with the index rising 77% of the time from sourceURL: https://www.nasdaq.com/articles/wall-st-week-ahead-tax-loss-selling-santa-rally-could-sway-u.s.-stocks-after-november-melt on Date: 2023-12-01 00:00:00+00:00,0,"The provided answer does not mention the S&P 500, which is the correct market index that reached new highs in 2023 according to the reference answer. Therefore, the provided answer is incorrect.",0.0
Which market index reached new highs in 2023?,S&P 500,Indexes up: Dow 0.82% from sourceURL: https://www.nasdaq.com/articles/us-stocks-sp-500-hits-2023-closing-high-as-powell-strengthens-peak-rate-bets on Date: 2023-12-01 00:00:00+00:00,0,"The provided answer lists the Dow 0.82% rise, whereas the reference answer specifies the S&P 500 as the index that reached new highs in 2023. The answer does not match the expected index.",0.0
Which market index reached new highs in 2023?,S&P 500,S&P 0.59% from sourceURL: https://www.nasdaq.com/articles/us-stocks-sp-500-hits-2023-closing-high-as-powell-strengthens-peak-rate-bets on Date: 2023-12-01 00:00:00+00:00,0,"The reference answer specifies the market index as ""S&P 500"". The provided answer mentions ""S&P 0.59%"", which does not explicitly identify the index as the S&P 500; it appears to be a percentage figure rather than the index name. Therefore, the provided answer does not correctly match the reference answer.",0.0
Which market index reached new highs in 2023?,S&P 500,Nasdaq 0.55% from sourceURL: https://www.nasdaq.com/articles/us-stocks-sp-500-hits-2023-closing-high-as-powell-strengthens-peak-rate-bets on Date: 2023-12-01 00:00:00+00:00,0,"The reference answer states that the S&P 500 reached new highs in 2023, whereas the provided answer incorrectly cites the Nasdaq. Therefore the provided answer is not correct.",0.0
Which market index reached new highs in 2023?,S&P 500,the S&P 500 and the Nasdaq registered their biggest one-month percentage gains since July 2022 from sourceURL: https://www.nasdaq.com/articles/us-stocks-sp-500-hits-2023-closing-high-as-powell-strengthens-peak-rate-bets on Date: 2023-12-01 00:00:00+00:00,0,"The reference answer identifies only the S&P 500 as the index that reached new highs in 2023. The provided answer adds the Nasdaq as well, which is not mentioned in the reference answer. Because the provided answer contains additional, unverified information beyond what the reference states, it does not match the expected answer.",0.0
Which market index reached new highs in 2023?,S&P 500,the S&P 500 and the Nasdaq registered their biggest one-month percentage gains since July 2022 from sourceURL: https://www.nasdaq.com/articles/us-stocks-sp-500-hits-2023-closing-high-as-powell-strengthens-peak-rate-bets on Date: 2023-12-01 00:00:00+00:00,0,"The reference answer identifies the S&P 500 as the index that reached new highs in 2023. The provided answer adds the Nasdaq as well, which is not supported by the reference answer. Therefore the provided answer is not fully correct.",0.0
Which market index reached new highs in 2023?,S&P 500,both the indexes finished November with their biggest monthly gain since July 2022 from sourceURL: https://www.nasdaq.com/articles/us-stocks-sp-nasdaq-slip-as-caution-prevails-ahead-of-powell-comments on Date: 2023-12-01 00:00:00+00:00,0,"The question asks for the specific market index that reached new highs in 2023. The reference answer identifies the S&P 500 as that index. The provided answer states that “both the indexes finished November with their biggest monthly gain since July 2022,” which does not name the S&P 500 or any other index and does not confirm that it reached new highs in 2023. Therefore the provided answer does not correctly answer the question.",0.0
Which market index reached new highs in 2023?,S&P 500,both the indexes finished November with their biggest monthly gain since July 2022 from sourceURL: https://www.nasdaq.com/articles/us-stocks-sp-nasdaq-slip-as-caution-prevails-ahead-of-powell-comments on Date: 2023-12-01 00:00:00+00:00,0,"The question asks for the specific market index that reached new highs in 2023. The reference answer identifies the S&P 500 as that index. The provided answer states that “both the indexes finished November with their biggest monthly gain since July 2022,” which does not name the S&P 500 or any other index and does not confirm that it reached new highs in 2023. Therefore the provided answer does not correctly answer the question.",0.0
Which market index includes Apple as a major component?,Nasdaq,Apple Inc. (NASDAQ: AAPL) from sourceURL: https://www.nasdaq.com/articles/best-blue-chip-stocks-to-invest-in-right-now-2-in-focus on Date: 2023-12-01 00:00:00+00:00,0,"The provided answer lists Apple Inc. and its ticker but does not state the market index name. The question asks for the index, which is Nasdaq. Therefore the answer is incorrect.",0.0
What major market event occurred in late 2023?,Equity market rally,a gain of about as much in the previous year. from sourceURL: https://www.nasdaq.com/articles/should-you-really-invest-in-stocks-now-or-wait-until-the-new-year on Date: 2023-12-01 00:00:00+00:00,0,"The provided answer does not mention an equity market rally; it merely references a vague gain and a source URL, which does not satisfy the question about a major market event in late 2023.",0.0
What major market event occurred in late 2023?,Equity market rally,December brought the S&P 500 index a loss of about 5% last year from sourceURL: https://www.nasdaq.com/articles/should-you-really-invest-in-stocks-now-or-wait-until-the-new-year on Date: 2023-12-01 00:00:00+00:00,0,"The provided answer describes a 5% decline in the S&P 500 during December, which indicates a market downturn, whereas the reference answer states that there was an equity market rally in late 2023. Therefore the provided answer is not correct.",0.0
What major market event occurred in late 2023?,Equity market rally,and suspended CMA's investigation. from sourceURL: https://www.nasdaq.com/articles/cma-wins-appeal-from-uk-high-court-in-apple-case on Date: 2023-12-01 00:00:00+00:00,0,"The reference answer states that the major market event was an equity market rally in late 2023. The provided answer discusses the suspension of a CMA investigation and cites a Nasdaq article dated December 1, 2023, which does not mention an equity market rally. Therefore the provided answer does not correctly answer the question.",0.0
What major market event occurred in late 2023?,Equity market rally,mainly of tech major Apple Inc. (AAPL). from sourceURL: https://www.nasdaq.com/articles/cma-wins-appeal-from-uk-high-court-in-apple-case on Date: 2023-12-01 00:00:00+00:00,0,"The provided answer discusses Apple Inc. and a legal case, which does not correspond to the reference answer stating that the major market event was an equity market rally. Therefore the answer is incorrect.",0.0
What major market event occurred in late 2023?,Equity market rally,"November, historically a strong month for the index. from sourceURL: https://www.nasdaq.com/articles/wall-st-week-ahead-tax-loss-selling-santa-rally-could-sway-u.s.-stocks-after-november-melt on Date: 2023-12-01 00:00:00+00:00",0,"The reference answer states that a major market event was an ""Equity market rally"" in late 2023. The provided answer only mentions that November was historically a strong month for the index and cites a source, but it does not explicitly identify an equity market rally. Therefore the provided answer does not match the reference answer.",0.0
What major market event occurred in late 2023?,Equity market rally,"Tax-loss selling, 'Santa rally' could sway U.S. stocks from sourceURL: https://www.nasdaq.com/articles/wall-st-week-ahead-tax-loss-selling-santa-rally-could-sway-u.s.-stocks-after-november-melt on Date: 2023-12-01 00:00:00+00:00",0,"The reference answer identifies the major market event as an ""Equity market rally"". The provided answer discusses tax‑loss selling and a potential Santa rally, but does not mention an equity market rally. Therefore the provided answer does not correctly answer the question.",0.0
What major market event occurred in late 2023?,Equity market rally,"Tax-loss selling, 'Santa rally' could sway U.S. stocks from sourceURL: https://www.nasdaq.com/articles/wall-st-week-ahead-tax-loss-selling-santa-rally-could-sway-u.s.-stocks-after-november-melt on Date: 2023-12-01 00:00:00+00:00",0,"The reference answer identifies the major market event as an ""Equity market rally"". The provided answer discusses tax‑loss selling and a potential Santa rally, but does not mention an equity market rally. Therefore the provided answer does not correctly answer the question.",0.0
What major market event occurred in late 2023?,Equity market rally,many investors came away from the Fed’s Nov. 1 meeting more confident that the central bank was close to wrapping up its rate increases. from sourceURL: https://www.nasdaq.com/articles/graphic-resurgent-sp-500-crests-new-2023-closing-high-after-roller-coaster-year on Date: 2023-12-01 00:00:00+00:00,0,"The reference answer identifies the major market event as an ""Equity market rally"". The provided answer discusses investor confidence after the Fed’s Nov. 1 meeting and mentions the S&P 500 reaching a new 2023 closing high, but it does not explicitly state that the event was an equity market rally. Therefore, the provided answer does not correctly answer the question.",0.0
Which companies are related to content or streaming services?,Apple Inc.,No results found,0,"The reference answer lists Apple Inc. as a company related to content or streaming services, whereas the provided answer states ""No results found,"" which does not match the expected answer. Therefore the provided answer is incorrect.",0.0
Which company is Apple discussing a streaming bundle partnership with?,Paramount Global,No results found,0,"The reference answer states that Apple is discussing a streaming bundle partnership with Paramount Global. The provided answer says ""No results found,"" which does not match the correct answer. Therefore the provided answer is incorrect.",0.0
What relationship exists between Apple Inc. and Paramount Global?,Partners_With,Apple Inc. (AAPL) and Paramount Global are in talks to bundle Paramount+ and Apple TV+ together from sourceURL: https://www.nasdaq.com/articles/wsj%3A-apple-in-talks-to-bundle-paramount-with-apple-tv on Date: 2023-12-01 00:00:00+00:00,1,"The reference answer indicates that Apple Inc. and Paramount Global have a partnership relationship (Partners_With). The provided answer states that the two companies are in talks to bundle their streaming services together, which is a form of partnership. Therefore, the provided answer correctly reflects the relationship described in the reference answer.",1.0
What relationship exists between Apple Inc. and Paramount Global?,Partners_With,Apple Inc. (AAPL) and Paramount Global are in talks to bundle Paramount+ and Apple TV+ together from sourceURL: https://www.nasdaq.com/articles/wsj%3A-apple-in-talks-to-bundle-paramount-with-apple-tv on Date: 2023-12-01 00:00:00+00:00,1,"The reference answer indicates that Apple Inc. and Paramount Global have a partnership relationship (Partners_With). The provided answer states that the two companies are in talks to bundle their streaming services together, which is a form of partnership. Therefore, the provided answer correctly reflects the relationship described in the reference answer.",1.0
Which sector do Apple and Alphabet operate in?,Technology,No results found,0,The provided answer does not match the reference answer; it states 'No results found' while the correct sector is 'Technology'.,0.0
Which companies are members of the Magnificent Seven?,Apple Inc.,No results found,0,"The reference answer lists Apple Inc. as a member of the Magnificent Seven, whereas the provided answer states ""No results found,"" which does not match the expected answer. Therefore the provided answer is incorrect.",0.0
Which financial metrics are associated with Alphabet?,Share price,No results found,0,"The reference answer states that the financial metric associated with Alphabet is its share price. The provided answer says ""No results found,"" which does not match the expected answer. Therefore, the provided answer is incorrect.",0.0
Which macroeconomic condition influenced markets in late 2023?,Easing inflation,"signalled easing inflation and bolstered hopes the central bank would now end its interest rate hikes and could start lowering them soon, propelling a rally in equities. from sourceURL: https://www.nasdaq.com/articles/us-stocks-wall-st-edges-higher-as-powell-comments-bolster-peak-rate-bets on Date: 2023-12-01 00:00:00+00:00",1,"The provided answer explicitly states that markets were influenced by ""signalled easing inflation"", which matches the reference answer ""Easing inflation"". Therefore the answer is correct.",1.0
Which financial institution provided market commentary?,BofA Global Research,No results found,0,"The reference answer states that the financial institution is ""BofA Global Research"", whereas the provided answer says ""No results found"", which does not match the expected answer. Therefore the provided answer is incorrect.",0.0
What major investment announcement did Apple make?,Investment in Amkor packaging plant,"Apple Inc. announced it will be the first and largest customer of Amkor Technology, Inc.'s new $2 billion advanced silicon manufacturing and packaging facility from sourceURL: https://www.nasdaq.com/articles/apple-to-be-first-and-largest-customer-of-amkors-%242-bln-chip-packaging-plant on Date: 2023-12-01 00:00:00+00:00",1,"The provided answer states that Apple announced it will be the first and largest customer of Amkor Technology’s new $2 billion advanced silicon manufacturing and packaging facility, which directly corresponds to the reference answer that Apple made an investment in the Amkor packaging plant. The details match the major investment announcement requested in the question.",1.0
Which companies are subject to the Digital Markets Act?,Apple Inc.,No results found,0,"The reference answer identifies Apple Inc. as a company subject to the Digital Markets Act. The provided answer states ""No results found,"" which does not match the reference answer and is therefore incorrect.",0.0
What type of entity is the European Union in the graph?,Government body,No results found,0,"The reference answer states that the European Union is a 'Government body', whereas the provided answer claims 'No results found', which does not match the expected answer. Therefore the provided answer is incorrect.",0.0
Which entity represents Apple in the knowledge graph?,Apple Inc.,EntityName: appeal by Apple | EntityType: LITIGATION,0,"The provided answer ""EntityName: appeal by Apple | EntityType: LITIGATION"" does not match the reference answer ""Apple Inc."" and is therefore incorrect.",0.0
Which entity represents Apple in the knowledge graph?,Apple Inc.,EntityName: Apple silicon | EntityType: PRODUCT,0,"The question asks for the entity that represents Apple in the knowledge graph. The correct answer is ""Apple Inc."". The provided answer identifies ""Apple silicon"" as a product, which is a different entity. Therefore the provided answer is incorrect.",0.0
Which entity represents Apple in the knowledge graph?,Apple Inc.,EntityName: Apple Inc. | EntityType: ORG,1,"The provided answer correctly identifies the entity as ""Apple Inc."", which matches the reference answer. The additional entity type information does not affect the correctness of the answer.",1.0
Which entity represents Apple in the knowledge graph?,Apple Inc.,EntityName: Apple | EntityType: ORG,0,"The reference answer specifies the entity as ""Apple Inc."". The provided answer lists the entity name as simply ""Apple"" and only indicates the type as ORG. Since the entity name does not match the reference (missing ""Inc.""), the provided answer is not correct.",0.0
Which entity represents Apple in the knowledge graph?,Apple Inc.,EntityName: Apple's services unit | EntityType: SEGMENT,0,"The reference answer identifies the entity as ""Apple Inc."" The provided answer describes a different entity – ""Apple's services unit"" – which does not match the reference. Therefore the provided answer is incorrect.",0.0
What type of event is the equity market rally?,EVENT,No results found,0,The reference answer indicates that the equity market rally is an 'EVENT'. The provided answer 'No results found' does not match this classification and therefore is incorrect.,0.0
"Which sector do Apple, Alphabet, and Nvidia all operate in?",Technology,No results found,0,"The reference answer states that Apple, Alphabet, and Nvidia all operate in the Technology sector. The provided answer, ""No results found,"" does not match this information and is therefore incorrect.",0.0
